{"MB/s": 3745, "f->r1:send": 0.053472, "f:recv": 0.11926523232323231, "f:send": 0.11918683838383841, "r1->r2:send": 0.04435303, "r2->f:send": 0.16891218999999996, "roundtrip": 0.27465884, "timestamp_build": "2019-09-27T06:36:57Z", "timestamp_eval": 1569567493.617126, "version_tag": "latest-alpine", "version_vcs": "51837cf"}
