{"MB/s": 50, "f->r1:send": 0.050258660000000004, "f:recv": 1.030175, "f:send": 0.08066584848484848, "r1->r2:send": 46.73485921999999, "r2->f:send": 0.05521481999999999, "roundtrip": 47.86166298, "timestamp_build": "2019-09-26T11:17:55Z", "timestamp_eval": 1569567303.987385, "version_tag": "latest-alpine", "version_vcs": "fda7f96"}
