{"f->r1 trans": 0.05604574000000001, "f:recv interval": 0.09071604081632653, "f:send interval": 0.10720542857142856, "r1->r2 trans": 0.041467420000000005, "r2->f trans": 0.14778978, "roundtrip": 0.25042602, "timestamp_build": "2019-09-26T11:17:55Z", "timestamp_eval": 1569497828.99574, "version_tag": "latest-alpine", "version_vcs": "fda7f96"}
