{"f->r1 trans": 9.85556008, "f:recv interval": 0.506111693877551, "f:send interval": 0.07017759183673469, "r1->r2 trans": 0.03696546, "r2->f trans": 0.04127738, "roundtrip": 11.007250820000001, "timestamp_build": "2019-09-26T11:17:55Z", "timestamp_eval": 1569499417.293088, "version_tag": "latest-alpine", "version_vcs": "fda7f96"}
