{"f->r1 trans": 0.05650902, "f:recv interval": 0.11910814285714287, "f:send interval": 0.12052716326530612, "r1->r2 trans": 0.04499260000000001, "r2->f trans": 0.17346994000000002, "roundtrip": 0.28087502000000003, "timestamp_build": "2019-09-26T11:17:55Z", "timestamp_eval": 1569499271.401479, "version_tag": "latest-alpine", "version_vcs": "fda7f96"}
