{"MB/s": 76, "f->r1:send": 10.758601039999999, "f:recv": 0.5083913469387754, "f:send": 0.07358332653061225, "r1->r2:send": 0.029510360000000003, "r2->f:send": 0.0329712, "roundtrip": 11.83407582, "timestamp_build": "2019-09-27T06:36:57Z", "timestamp_eval": 1569580565.778396, "version_tag": "latest-alpine", "version_vcs": "51837cf"}
