{"f->r1 trans": 0.03941846, "f:recv interval": 1.0283463673469386, "f:send interval": 0.07202422448979591, "r1->r2 trans": 23.48995228, "r2->f trans": 0.03954414, "roundtrip": 24.579157979999994, "timestamp_build": "2019-09-26T11:17:55Z", "timestamp_eval": 1569499183.815398, "version_tag": "latest-alpine", "version_vcs": "fda7f96"}
