{"MB/s": 90, "f->r1:send": 21.040120419999997, "f:recv": 0.5220498686868688, "f:send": 0.06140464646464647, "r1->r2:send": 0.05765536999999999, "r2->f:send": 0.05688937000000001, "roundtrip": 22.165767260000003, "timestamp_build": "2019-09-27T06:36:57Z", "timestamp_eval": 1569567775.439558, "version_tag": "latest-alpine", "version_vcs": "51837cf"}
