{"MB/s": 43, "f->r1:send": 0.03742968, "f:recv": 1.0348380816326532, "f:send": 0.09116161224489795, "r1->r2:send": 23.22046182, "r2->f:send": 0.03639748, "roundtrip": 24.303705660000002, "timestamp_build": "2019-09-27T06:36:57Z", "timestamp_eval": 1569580362.967658, "version_tag": "latest-alpine", "version_vcs": "51837cf"}
