{"MB/s": 3221, "f->r1:send": 0.03177688, "f:recv": 0.12466899999999999, "f:send": 0.12619397959183673, "r1->r2:send": 0.05330634000000001, "r2->f:send": 0.06249009999999999, "roundtrip": 0.15719252, "timestamp_build": "2019-09-27T06:36:57Z", "timestamp_eval": 1569580440.31565, "version_tag": "latest-alpine", "version_vcs": "51837cf"}
